Node-ID,CPU-Utilization,Memory-Usage,Rank
30,0,0.18997,1
91,0,0.36244,2
39,0.00030311,1.0398,3
29,0.0024722,1.5068,4
87,0,2.7112,5
34,0.047836,1.3042,6
38,0.057987,2.2128,7
27,0.13162,2.2212,8
84,0.17597,2.0505,9
86,0.031147,2.8852,10
800,0.489072653,1.956962869,11
32,0.68068,1.1225,12
98,1.0843,0.21381,13
37,0.032575,4.8549,14
85,0.0000575,5.7733,15
28,1.0463,0.67013,16
16,0,7.464,17
97,1.2484,0.57431,18
99,1.2519,0.47938,19
100,1.2824,0.59744,20
31,0.71825,2.515,21
14,0,8.125,22
61,0.58683,3.5632,23
6,0,8.8201,24
96,1.5179,0.9131,25
17,0.013336,7.9397,26
33,0.72852,3.9053,27
82,0.43754,7.2342,28
89,0.57999,6.2918,29
62,0.00057464,9.1825,30
79,0.45081,7.5665,31
80,0.45081,7.5665,32
94,2.8939,0.050839,33
19,0,10.697,34
60,0.62634,7.1674,35
81,0.8263,6.9557,36
10,0,12.141,37
242,0.014158492,10.2891237,38
53,0.46487,8.6999,39
7,0,12.737,40
12,1.0062,7.3122,41
92,2.1339,3.0525,42
88,1.3109,6.4288,43
64,0.83057,8.1561,44
57,0.94242,8.5544,45
58,0.90388,8.6416,46
54,0.65205,9.6877,47
48,1.994,5.8942,48
1001,3.781734608,2.28687578,49
1664,0.600718049,10.86505648,50
73,0.82397,10.015,51
78,1.3212,8.504,52
95,5.7048,0.37063,53
866,4.410478186,2.382958664,54
90,5.8509,0.42111,55
65,1.2713,9.5734,56
77,1.105,10.282,57
42,1.158,10.231,58
1298,2.441596477,7.112401323,59
1358,0.496370303,13.05412508,60
76,1.338,10.243,61
644,5.597249909,2.311177172,62
198,4.311734963,4.999989376,63
66,0,19.782,64
83,1.9777,9.545,65
658,7.076348954,0.864929385,66
466,1.068356556,12.73585897,67
13,0.0070433,18.622,68
55,2.1387,9.3395,69
1011,0.451817479,16.1425453,70
59,0.94999,13.178,71
70,1.668,11.16,72
15,2.8956,8.4147,73
71,1.2177,12.804,74
51,1.3186,12.527,75
1460,7.103043061,1.831063294,76
597,5.175139543,5.90087401,77
1097,3.798176309,8.00034604,78
1824,1.817149383,12.1870478,79
1722,2.389931571,11.81854879,80
841,2.244621103,12.2067211,81
18,0,24.835,82
552,7.284689438,3.890930256,83
1918,5.397717724,8.101721225,84
74,2.0592,14.316,85
611,0.395118383,21.94779366,86
1835,10.44139399,0.36293395,87
69,2.2943,14.953,88
990,3.038855355,13.35727526,89
539,10.51094013,1.237160665,90
864,8.342228881,5.595857345,91
1811,11.23888831,0.558397437,92
599,3.237965839,15.05403867,93
72,5.2173,11.673,94
606,11.67770148,0.412443838,95
1790,3.074002846,15.88462461,96
43,2.5157,17.804,97
1732,4.458554832,14.59819849,98
93,13.091,0.39408,99
49,0.54107,28.323,100
368,13.99756474,0.078390413,101
114,0.616770722,28.85751939,102
921,10.92375432,5.474005468,103
20,8.73,9.221,104
285,12.9644489,1.381520047,105
47,6.0889,14.173,106
1275,0.57788851,29.81656052,107
471,0.690245013,29.32683344,108
437,8.732879126,9.792763291,109
1618,1.326138388,26.50993312,110
476,6.073640437,14.8549603,111
45,3.6966,20.087,112
838,2.692749415,22.00762664,113
971,8.027905647,13.29590864,114
982,4.580592391,20.19317967,115
827,11.19540135,7.842915602,116
50,4.0096,21.856,117
1989,11.59271403,7.541088505,118
1066,8.846124696,12.27236687,119
44,5.595,20.102,120
279,8.48992376,13.96502626,121
721,3.616968583,25.15485135,122
1603,8.96497262,14.2629815,123
1681,15.2974723,2.874475706,124
1334,1.943263465,30.15139706,125
1633,10.57801815,11.99551194,126
1018,3.788982917,26.65231859,127
796,4.113832563,25.82929784,128
445,8.0062376,18.55589867,129
1959,12.44588641,9.338516252,130
993,9.980706852,14.60835241,131
650,0.555456249,38.64059768,132
553,4.681759618,27.77429741,133
1991,3.358947135,30.38157016,134
603,0.13209256,43.00193592,135
316,5.217172181,27.82903755,136
481,19.08134913,2.026265656,137
1159,9.573324256,18.73476758,138
1313,20.74962949,0.356182107,139
1396,1.580119861,36.67923619,140
1852,14.08531784,9.661619903,141
1338,6.151351573,26.97788543,142
26,0.10637,44.998,143
622,17.35851757,6.163654603,144
915,4.761243091,29.99186316,145
67,20,2.0372,146
708,2.666869214,34.5890911,147
528,20.52443534,1.16148629,148
1945,4.822468483,30.07244504,149
549,4.73016299,30.50995635,150
699,4.100914653,32.10259899,151
177,0.371687705,45.33024764,152
1788,14.45675934,11.17153047,153
930,15.16475683,10.02178,154
358,6.132910363,29.0140819,155
1768,2.826464917,36.02533931,156
1880,0.720776422,43.66266975,157
1836,12.1683682,16.12547947,158
314,1.669674787,39.8841568,159
478,5.022316138,32.0455628,160
1675,4.032935642,34.41625975,161
1670,8.765170417,24.21812386,162
75,18.01,7.6533,163
1745,2.474211251,38.05681297,164
253,9.761830281,23.08243352,165
1965,17.98675326,8.048587104,166
991,21.08857615,2.812123595,167
110,2.420390533,38.70755559,168
542,14.62290611,12.88094667,169
1806,7.717104528,28.78139268,170
2000,6.766084788,30.76484481,171
155,7.309832009,29.5845777,172
834,11.14562498,20.90821984,173
707,12.68526818,17.89432914,174
254,4.252403531,36.80617946,175
240,9.783378069,25.95715715,176
712,17.62006559,10.73267622,177
130,1.47688462,44.77445298,178
944,7.07255687,33.22393515,179
1961,3.036451479,40.94763905,180
341,21.70195058,5.038357272,181
292,14.80925763,15.93580009,182
317,21.09921487,6.486069537,183
1478,9.247979658,28.3213794,184
1087,6.762472346,34.19238311,185
1390,1.277524487,46.31103218,186
1100,16.04847807,14.28244473,187
1381,11.92761623,22.39306926,188
1086,20.02184479,8.575185938,189
1910,10.27029018,27.28290976,190
1214,10.7385622,26.10745841,191
570,15.31425702,16.09744288,192
556,10.43402029,27.39805815,193
24,0.14207,52.297,194
1375,10.24029665,28.07751519,195
1264,5.743910332,36.92091293,196
1118,2.359522924,44.92170084,197
68,10.852,26.82,198
1106,5.65401719,37.47080318,199
409,8.249073503,32.62747603,200
1070,6.660812213,36.04668298,201
1718,18.34540146,12.72786563,202
517,8.01086718,34.04603683,203
954,7.285779134,35.09914485,204
745,13.74656837,21.17341015,205
1810,25.46797532,1.377064699,206
647,26.26730221,0.071622968,207
733,25.11823314,2.163441476,208
1387,21.61714136,8.583077179,209
1075,12.29665662,26.29310149,210
1176,4.281686721,43.31540652,211
406,5.340642347,41.45997755,212
926,1.19634148,51.44690815,213
705,14.44742305,22.87277149,214
566,10.299305,32.21701177,215
891,5.535564002,42.80969302,216
1630,0.526055097,56.20645203,217
1416,14.17827821,25.06597966,218
1149,21.43772717,11.36497885,219
63,23.347,8.0335,220
244,23.35940431,7.968028851,221
874,26.77516948,1.925627505,222
1085,1.12447032,53.91755521,223
1606,3.173237611,48.14924278,224
1590,12.30622,29.45429875,225
173,22.74937042,9.388240323,226
350,11.07661993,32.32266273,227
1542,7.675809809,40.73408839,228
590,11.82652325,31.02046646,229
301,19.15831002,17.6750415,230
9,0,63.495,231
511,17.16282386,21.42656349,232
1536,18.69814109,18.02632602,233
1578,25.60052443,6.570449342,234
1394,23.21814641,9.87790832,235
591,21.32054075,14.14141071,236
1140,5.865936804,45.31346944,237
1216,27.00122245,3.481925277,238
1262,17.40117861,22.10675805,239
1397,8.471407835,40.78882033,240
272,9.718128657,38.05455854,241
776,4.786996956,48.09863391,242
567,28.15512147,1.458250034,243
1272,8.683873009,40.8073933,244
856,10.60461572,36.78379482,245
1356,19.8068971,19.45985096,246
587,2.979332565,52.05413015,247
992,8.62511979,41.76134388,248
1244,14.72589943,29.30831134,249
1643,9.763419491,40.31493144,250
715,9.1815381,41.50686083,251
760,20.2250509,19.99969612,252
1353,15.39822309,29.29890542,253
518,28.30409252,3.883663827,254
362,29.2134229,2.193014996,255
1170,29.89920625,1.389551771,256
1,31.16,0.073234,257
220,27.67712927,6.477250492,258
1237,10.82754115,39.89936575,259
763,6.350791813,48.86482973,260
1998,23.28210799,14.5714135,261
349,27.01445117,7.81494013,262
625,22.00221858,17.70039367,263
1801,28.85922506,3.77848049,264
1414,15.88745472,29.88892493,265
679,20.13051661,22.22799261,266
1571,3.256776266,54.61893281,267
1052,25.32069103,11.95276522,268
1625,1.462921398,60.6289945,269
297,9.545843055,43.94983736,270
1723,21.95774647,18.55310815,271
432,30.38199446,1.632556597,272
1830,20.58225645,21.86125901,273
499,18.45900054,26.51239304,274
703,16.66937135,30.50690753,275
268,27.7982987,7.865840806,276
1488,22.76864336,18.20967244,277
205,24.45545352,15.18221877,278
1278,32.79596625,0.327649564,279
670,31.04051304,2.293883289,280
968,27.0098371,9.821345891,281
1863,12.91796145,38.43843686,282
998,22.01282653,20.129361,283
1798,31.33377496,2.32813291,284
1903,12.78704995,39.01324372,285
318,9.016479652,47.02091535,286
1142,29.86910493,5.857677632,287
1867,3.586007924,58.75867844,288
1954,24.51563309,16.80970995,289
1560,12.40645068,41.26133892,290
1277,7.769429339,50.86195864,291
1204,1.195944838,65.66076585,292
121,5.254579001,55.09891229,293
1457,22.85918696,20.78595325,294
1160,5.018687757,57.27148418,295
1456,16.68847641,34.57779085,296
1493,30.48342833,6.290336255,297
421,4.042291788,59.76189248,298
1340,2.852165687,62.48593794,299
461,30.04187032,7.306722183,300
686,15.08547682,37.53643008,301
643,17.41972777,34.14842427,302
1317,6.982150234,54.19978567,303
400,27.66064382,12.39841319,304
106,21.13321367,27.40372962,305
1860,22.23892167,24.08551484,306
997,0.003043272,75.06626619,307
1504,24.34927232,20.2661258,308
1607,21.01198298,28.35622674,309
398,3.041390199,63.41237324,310
1617,19.85954402,31.16888506,311
261,5.953356564,58.27520257,312
1412,18.06486126,35.08850655,313
462,33.41924069,4.108288806,314
1205,8.175437661,54.32192601,315
160,26.70067587,17.21136144,316
200,16.54752961,38.63183186,317
605,4.193638417,63.33687622,318
1755,7.403487629,55.89572922,319
862,11.95181867,47.15835028,320
1501,26.20239559,18.9217468,321
187,19.86655854,33.50339012,322
276,5.544453343,61.0397171,323
1968,18.65584487,34.94870932,324
218,6.242968901,59.24409268,325
113,20.93641668,30.74955094,326
1187,26.15010611,19.44555081,327
1218,15.62058776,40.89606528,328
1610,22.23092734,27.8936496,329
813,25.64636436,20.97380113,330
593,28.78963087,13.29821063,331
1719,33.27123099,6.879227406,332
1215,7.811517724,57.21948942,333
1269,34.16977543,5.521485264,334
1939,10.76118106,51.25996803,335
1868,12.65828182,47.34465762,336
681,25.90736932,21.60946383,337
1049,31.50897965,9.715688025,338
1642,1.997742971,70.3186467,339
1249,13.86725092,45.8603124,340
493,14.90605416,45.14053094,341
1559,32.5800642,9.25405601,342
265,13.81642597,46.76686182,343
118,1.562248023,73.08516887,344
1349,28.55940665,16.89712813,345
424,29.03908005,15.65409636,346
1134,17.00000684,42.90121315,347
1168,11.59675152,51.5474763,348
521,20.07974414,37.11780067,349
953,38.37916606,0.090152765,350
179,8.026490597,60.60437097,351
753,28.22653631,18.24494913,352
1346,8.311684827,59.58172253,353
697,11.64037873,52.19148133,354
1257,0.121201138,81.64164218,355
22,0.68266,78.592,356
632,8.807370135,59.06588353,357
978,32.46820118,11.55287881,358
947,24.2451695,29.43839511,359
933,35.15038974,6.569474768,360
1704,6.064667159,65.23880189,361
174,30.93336471,13.47852999,362
1181,10.91086899,54.73634255,363
928,20.38902677,38.19088606,364
675,25.94766216,26.71151166,365
765,9.598154019,58.4335334,366
1127,30.2509952,15.32423077,367
722,12.29112573,52.40966218,368
949,35.93012294,5.942169995,369
1963,20.56129054,38.26107436,370
1268,8.517610115,61.39180904,371
125,29.47211623,17.7508449,372
1164,6.643750512,65.65792419,373
56,29.258,18.17,374
692,34.08474098,10.13722034,375
1921,0.382040337,83.15037994,376
1821,38.55341348,1.590764443,377
258,13.46908358,50.97571296,378
1716,21.13949263,37.51664432,379
1121,6.680815065,65.71622891,380
385,27.20273508,23.78571845,381
1169,35.10079115,8.307402058,382
1028,29.25561307,18.96106231,383
621,13.62764625,51.03199604,384
1950,22.2068883,35.09248156,385
835,16.59212151,46.94888467,386
238,19.64617767,42.22856791,387
1856,35.57444597,7.747661649,388
1189,26.4059042,27.28164582,389
152,15.33274869,48.85437881,390
1975,2.149237513,76.10173659,391
41,0.27547,84.668,392
817,5.114848779,69.64699188,393
289,27.07724936,25.3728284,394
1158,15.31280188,49.3110696,395
742,25.41376338,30.45264499,396
624,33.47051369,12.66009388,397
1016,0.237412734,85.47700239,398
1445,21.77852118,38.08706114,399
243,16.91486066,47.89935903,400
645,13.14684966,53.16029413,401
755,38.56479751,3.364905173,402
1866,32.42541951,15.57105258,403
1033,8.256027206,64.77787076,404
1099,26.16201911,29.32124319,405
40,0.32139,85.909,406
1976,31.52840918,17.50976702,407
221,27.53664625,27.00298622,408
689,0.413492249,86.23412462,409
660,17.69401309,47.47653407,410
899,31.46379349,18.0163807,411
190,24.48535579,34.33697885,412
2,30.56,19.46,413
756,40.81413774,0.688283897,414
1137,20.50101133,43.66803474,415
1270,22.00270235,39.84632909,416
1508,13.67982005,54.22937669,417
1713,1.936869838,80.79658677,418
252,34.46825517,13.3832471,419
381,39.634975,3.861830575,420
1477,9.762781865,64.40801163,421
1114,40.76845089,1.730980904,422
472,33.16577483,16.62943917,423
798,12.12370354,59.44554792,424
512,34.84297408,12.95577328,425
620,31.0454625,20.5166972,426
1781,0.394098116,88.76865711,427
714,23.20335367,39.04509317,428
1990,16.75841968,51.28675643,429
369,14.87551586,53.8471579,430
1053,2.39233078,80.52272368,431
1997,40.58726393,2.813903343,432
1009,31.05062563,21.07155125,433
1692,1.981819642,81.7656724,434
964,18.4568244,48.60121387,435
1423,37.3880397,9.088024565,436
1612,0.826686916,86.62485279,437
1433,1.778182833,83.160899,438
1753,2.536744417,80.52409802,439
600,10.79004754,64.08680356,440
465,41.67454535,1.289132283,441
1899,11.06319526,63.61557734,442
392,18.70863035,48.70926964,443
1064,13.13932908,59.17584666,444
537,18.10676091,50.69608949,445
1964,39.069569,7.551371929,446
141,28.01177685,29.62609135,447
1392,18.19000845,50.72282012,448
144,28.95820603,27.96171539,449
101,40.75784071,4.128101207,450
407,20.21633257,47.97144943,451
295,12.46968754,61.83241228,452
247,8.170345175,71.0424487,453
1246,23.90423193,40.47689905,454
1932,40.09818659,6.773162884,455
1446,36.01259433,13.47299029,456
977,2.983849579,81.51902186,457
1329,21.12792682,46.36969002,458
1870,40.98762642,4.24244718,459
1579,16.03237679,54.80321605,460
1360,33.90234241,19.21907727,461
1081,6.794912316,74.66763186,462
1550,25.80475158,37.4958963,463
248,3.634475067,81.25728269,464
532,7.199692708,74.44818793,465
399,28.14183801,31.27926787,466
879,2.565893332,83.69900389,467
1611,21.37535925,47.12315681,468
1157,44.20691158,0.827792913,469
744,21.30563016,47.75908625,470
713,9.083318236,70.70067642,471
175,42.29796198,3.15495098,472
586,31.42636001,25.63907667,473
291,15.49914216,58.31083449,474
515,42.0737347,4.625413128,475
444,13.26851289,62.83336731,476
250,1.514759904,88.22784298,477
371,1.816848321,87.31272981,478
1409,35.740374,17.14435631,479
1518,12.77331106,64.35846311,480
832,22.07572292,46.68757884,481
360,39.89847324,9.180947404,482
1015,3.6780234,83.45432682,483
1773,0.495872167,93.28032714,484
573,13.32178059,63.25973674,485
1741,5.653228167,79.7466116,486
790,9.439615785,71.93494348,487
1138,36.46015284,15.2872613,488
1266,1.194583249,90.91076039,489
123,10.86538701,68.64580724,490
1359,22.17449929,47.60137966,491
339,27.83657239,35.05608758,492
1294,29.21229593,31.86872209,493
1735,18.62951658,54.152553,494
1949,9.689072025,72.29308058,495
1517,21.9509456,48.41476137,496
1243,41.88548404,6.974612098,497
1167,28.76344366,33.78593193,498
1644,0.733353974,93.00317718,499
1596,19.72650168,53.7554001,500
924,42.23779343,6.758119913,501
628,27.73085898,36.39915492,502
1202,23.27751851,46.34284901,503
345,4.936298003,83.05932151,504
336,7.083348782,78.90750777,505
112,19.4171946,54.57778232,506
201,43.48696089,4.536686551,507
1631,20.31999893,52.68457288,508
1232,35.12728114,20.88719167,509
1402,1.873362296,90.13482321,510
951,8.201971128,76.76407968,511
1747,8.268445947,76.7874822,512
1295,11.07248632,70.70532823,513
1472,29.90746006,32.77996158,514
1050,30.54330702,30.82536766,515
759,45.04349194,2.516617663,516
436,39.59510062,12.7723257,517
690,12.40173749,67.9638894,518
196,13.2055164,66.25637258,519
447,9.426567696,75.46210531,520
608,17.54575656,59.5061941,521
494,36.7126245,18.37938758,522
1703,11.35796559,70.92284255,523
1594,16.04458182,62.70644615,524
789,31.69295734,30.22000114,525
1721,13.27538851,66.80984798,526
1238,10.59437989,73.99149392,527
1286,47.25354201,1.020863949,528
1999,30.44368182,33.24918011,529
903,32.54667033,29.45659867,530
1130,5.689583969,84.19265834,531
1686,11.14881777,72.34786073,532
1737,28.09544428,38.62800811,533
1389,33.83116184,27.7434109,534
307,28.86424253,36.82000547,535
1926,12.47037844,69.14919948,536
779,19.94821705,56.22825388,537
1188,8.397925533,78.86018972,538
395,10.61220684,74.25488064,539
509,27.61670929,40.8202085,540
1529,13.59737432,67.20438975,541
855,29.13588398,36.92823429,542
1840,38.74523143,17.32946593,543
1620,7.488415996,82.02588253,544
1537,39.67008503,15.61768925,545
768,43.42006611,8.631326322,546
1144,20.58066112,56.88399428,547
969,41.21699727,12.36797141,548
682,44.64572438,7.2054094,549
1123,22.37905745,52.50078322,550
1271,2.40839415,92.72777664,551
1417,12.58070869,71.81037138,552
1292,21.98414114,53.80987341,553
1013,24.35179494,49.7262464,554
1819,46.97729381,3.949819505,555
1696,23.57987558,51.13806471,556
397,7.216397503,84.64489861,557
189,19.10076669,61.9097921,558
1751,26.42280608,46.15919021,559
1566,27.49395116,44.47740607,560
613,21.69388279,55.79927017,561
212,48.188233,2.743725094,562
1641,27.74812759,43.59734496,563
1585,27.0094088,45.61999775,564
639,1.718048692,96.86790144,565
1174,17.46512774,65.31532578,566
1823,43.0236871,11.83500888,567
666,29.99950714,38.9649226,568
1459,35.92863677,27.3231061,569
588,36.37066846,25.47659423,570
562,14.42558132,70.72739794,571
1438,33.15867514,33.93546273,572
558,8.793883826,82.65978563,573
275,7.101330201,86.90936996,574
822,29.02802641,42.07104909,575
46,38.031,23.245,576
1705,29.11402272,42.46821069,577
1538,48.84973471,3.972863673,578
1556,51.50670116,0.59632473,579
367,40.98610769,17.3795301,580
1291,38.25234655,23.56052447,581
1826,15.96944501,69.47575999,582
199,17.03773501,67.87880128,583
389,30.07042397,40.98877448,584
984,26.10984171,50.72030676,585
911,20.99565759,62.1132717,586
1227,7.394586143,88.2028112,587
1757,41.39621901,17.45929371,588
1405,38.7311631,23.76567424,589
1469,51.63525494,0.989756686,590
1245,28.66638276,45.09755027,591
545,37.26661034,27.10200134,592
1869,13.22847392,75.58083541,593
1626,26.32045081,50.55171695,594
164,36.48012333,28.23492892,595
1002,39.3430914,22.70423593,596
294,24.52041506,54.04010962,597
1565,26.7933452,49.18691072,598
1418,23.36274166,56.18828457,599
1714,9.005743039,85.44675529,600
548,42.74532076,15.72714293,601
1712,22.28227245,59.10610007,602
975,6.873370004,90.28593824,603
1290,24.28767268,54.877027,604
1217,13.7838882,75.17104242,605
1906,21.73474071,61.28483694,606
1208,51.21498718,2.501913061,607
1012,32.53327582,38.62740853,608
1785,4.519641496,94.82991508,609
1646,44.06482417,13.40149231,610
1415,28.25006232,47.01720159,611
1391,45.2439014,11.47449281,612
386,12.96121201,77.50155135,613
1078,22.95888308,58.92635685,614
342,27.7071193,48.58420488,615
1948,47.32412878,8.729200562,616
1199,36.22983231,30.57447759,617
222,14.74853636,74.63883176,618
1782,29.36797986,45.2763451,619
1855,39.77803547,23.42425554,620
1555,26.7503573,51.10242982,621
934,34.92098345,34.49534239,622
727,38.30156689,27.22212179,623
1827,8.38498255,88.36537075,624
1357,26.60153888,51.42038572,625
1521,13.12121607,77.95797637,626
1922,5.15928952,94.7539789,627
1966,25.59799552,54.24826112,628
1455,51.60623581,2.777856809,629
1079,10.71433318,84.31727817,630
890,21.62539375,63.38168186,631
439,4.047654884,97.32029138,632
375,54.99772225,0.019278534,633
1447,18.09921743,69.9745712,634
1451,53.65073082,1.047168197,635
425,34.15693242,37.71184262,636
932,21.35032565,64.29727654,637
1161,44.69380217,14.13121077,638
887,20.79703725,65.52124742,639
651,40.15548529,23.8942993,640
987,34.36580829,37.36204942,641
1797,26.57895553,52.66938816,642
1624,42.26231207,19.25622615,643
818,52.10836249,3.053080423,644
1365,10.45184484,86.57336774,645
454,50.28333609,7.172132518,646
875,42.07240769,20.20211636,647
846,47.14643745,11.44303572,648
1315,17.92187121,71.98523776,649
1613,28.41595528,49.20390094,650
182,21.28339219,65.50009802,651
937,34.16134638,39.07265056,652
1731,26.77525346,52.9755232,653
1593,26.77632052,52.9775895,654
912,47.9830087,10.50494005,655
1145,14.63384411,77.89351279,656
693,25.38451408,58.16286342,657
1265,41.5399505,21.84392296,658
1479,40.28008259,25.48227821,659
929,9.893709457,88.35500254,660
1873,34.96221483,37.38051187,661
1760,9.781017183,88.44997136,662
167,41.10834009,23.46858902,663
1367,37.76317664,31.72939712,664
1103,22.29908834,64.19198746,665
224,34.83359049,38.54576848,666
1674,40.72812626,25.46464217,667
1778,30.13774785,47.44984705,668
1639,49.40832516,9.630905303,669
1355,49.9853654,9.008314006,670
809,15.94332397,76.93391061,671
612,41.40254835,23.95360639,672
1684,36.34009101,35.03906342,673
1276,7.802805306,93.59206241,674
1136,44.87757292,17.17656203,675
194,12.04922902,85.10006013,676
1056,47.27386323,13.01590679,677
1337,45.48406617,16.31055762,678
1541,17.08288804,76.21595013,679
1213,7.953281928,93.95884297,680
1299,14.67787546,80.35395768,681
1429,39.43996817,30.13596294,682
1000,36.50617069,35.21114239,683
442,37.39220741,34.5054147,684
609,17.79100766,75.67138173,685
849,41.49139534,25.44678353,686
665,25.68810113,60.48463136,687
1896,36.01017461,37.83958195,688
957,46.49998883,15.82702341,689
1322,15.36787116,80.05627921,690
451,22.52886543,65.90981688,691
1399,28.06207065,53.77330845,692
459,11.66563221,87.35836874,693
126,19.5115096,73.72606314,694
1430,17.28582931,76.98372217,695
365,33.42299684,44.83791136,696
729,14.53019523,82.24256778,697
1185,54.73891135,5.142875785,698
1967,35.23864955,40.9190965,699
1510,43.49190854,22.69776834,700
589,24.89573331,63.76924328,701
1146,16.51404457,80.24628082,702
704,27.94505708,54.97829729,703
1545,16.48456403,80.43408214,704
1739,52.92377678,7.940975563,705
249,44.43121387,21.84070205,706
664,30.69338923,49.90979656,707
1089,11.88979708,88.93975199,708
308,34.50377793,44.31296544,709
1972,55.11317334,5.771104893,710
1388,22.73299623,67.78199742,711
861,14.27471278,84.61755522,712
811,15.77267023,81.83536347,713
410,18.23054626,77.13345744,714
263,51.89598143,9.663073231,715
1410,18.56212923,76.89509895,716
782,48.72830129,15.1051776,717
1179,33.67979709,46.52707276,718
140,36.86569752,38.95533902,719
1898,40.10462164,32.58121834,720
1421,38.8809527,35.7318514,721
672,50.53255839,12.6820642,722
1117,40.18241609,32.66377245,723
366,12.55111802,88.98127606,724
579,45.83362342,20.15648877,725
1941,59.60246362,0.036193721,726
1065,45.05649488,21.93149638,727
1502,21.3260086,72.99447889,728
324,20.83445357,74.49890567,729
1321,52.5265374,10.24855913,730
1638,21.78293509,72.26380876,731
691,34.82633238,45.54277768,732
780,19.90292282,76.96585602,733
138,18.34897304,80.21967576,734
1475,26.07892562,64.52088271,735
1584,38.00021402,39.69840823,736
1080,22.73168142,71.54037376,737
531,12.09942169,91.8731795,738
601,12.81134901,90.13790989,739
1051,41.93907142,30.64049393,740
380,48.20295221,19.03174788,741
1408,17.16377762,83.60230651,742
245,34.58685548,47.68954307,743
128,49.68493289,17.29880183,744
1871,51.8563604,13.11176273,745
1439,46.09804401,23.54524746,746
1858,44.23866656,28.0119338,747
640,11.36484618,94.79611965,748
842,15.0113096,87.92562127,749
1335,59.07424971,3.648503048,750
370,45.55323939,25.51872538,751
1515,10.17611034,98.57547508,752
1564,20.75541501,78.29944909,753
156,11.06269484,96.32168073,754
1395,30.34512552,56.91723089,755
560,34.56290717,49.40157491,756
1466,23.53995535,72.6044753,757
1425,13.8068271,91.49595995,758
208,33.55773908,51.81943965,759
920,61.42936741,0.466393156,760
1350,31.80962612,54.86027834,761
752,25.28936258,70.85352598,762
1260,17.99380885,85.63086325,763
1951,45.13428339,28.44855363,764
1947,39.86508012,39.98231019,765
1614,27.92387099,64.45658369,766
1506,22.01096833,76.92584709,767
604,41.55153716,35.67043436,768
1419,11.34471227,97.82062797,769
1116,17.27710601,87.32356581,770
769,40.15929603,39.77295903,771
331,62.31537572,0.260741955,772
892,36.37943638,46.98763504,773
557,49.60011545,21.2999348,774
538,29.63184873,61.69456336,775
623,43.43726577,33.30187002,776
1186,49.68215778,21.43562724,777
396,51.22371122,19.02753251,778
226,34.18347079,52.62068861,779
1861,38.9494332,43.2831602,780
1030,11.52067117,98.45901503,781
1059,32.42836092,56.44249835,782
700,43.92644123,32.73338192,783
1434,25.71423696,71.6347142,784
730,39.27446487,43.16164788,785
1044,40.05240259,41.42175508,786
1153,38.15224345,45.27689723,787
1461,50.19352926,21.02783175,788
635,20.74979532,82.19995178,789
523,23.17254226,76.81700797,790
1874,11.24777439,99.40233633,791
1233,43.90239089,33.67005408,792
1540,27.67051769,66.60720847,793
273,28.26494528,65.35676239,794
1496,47.68546102,26.73622808,795
1095,33.10227781,55.86055624,796
346,34.24897763,53.59405339,797
725,55.03730619,14.52758454,798
401,43.25414698,35.6387307,799
1845,43.31625023,35.24862772,800
1304,18.36259043,87.41763064,801
230,23.21096243,77.9035481,802
1734,36.01412529,50.63335811,803
1177,50.82172829,21.82920378,804
1702,53.1902782,17.79012733,805
1247,47.03450733,29.03164594,806
1936,52.13631614,19.23787198,807
1977,42.84871554,36.99040282,808
215,50.07799293,23.55379866,809
235,48.09589838,27.6057898,810
328,27.23443868,68.77959311,811
1960,31.62886824,60.81377263,812
438,49.58227461,25.31258802,813
1198,27.16402939,69.51824601,814
495,31.89070021,60.6895556,815
738,64.38763841,0.031630943,816
848,25.29088386,75.55794531,817
1183,59.40453977,8.666517693,818
228,62.13789205,3.214560904,819
223,51.55516098,21.83286904,820
1178,36.23845873,51.33961174,821
739,25.34992356,76.01228958,822
300,13.48111747,97.74252697,823
1224,50.06867206,25.41097668,824
716,35.35678055,53.09415822,825
555,28.3507235,67.72623107,826
1489,45.09894753,34.03880393,827
1669,26.689384,72.71791367,828
905,17.17417558,92.2322827,829
1841,39.6363591,45.88300316,830
1115,22.88253972,81.0113161,831
162,57.66294457,12.24777023,832
1865,24.02338957,79.48274688,833
1685,30.29526036,64.57289871,834
1548,52.49442774,21.68272066,835
513,45.63210207,34.31131423,836
1551,28.72318011,68.12637361,837
1766,60.44809874,8.157228989,838
1195,25.85538939,76.50938354,839
1314,47.56457231,31.22918143,840
1523,16.48632864,94.96409094,841
351,35.43117054,54.96407505,842
986,18.15856067,92.26088861,843
973,57.10238372,15.49990515,844
1480,59.63313392,10.63083212,845
1931,38.96434661,49.11753081,846
233,54.00001027,21.44347644,847
433,35.14078834,56.88267417,848
976,32.21973019,63.93263254,849
694,20.28612506,89.58282559,850
825,47.64070394,33.30001356,851
473,14.5030023,99.634957,852
814,24.47572542,81.09809141,853
1514,30.03704765,67.95525684,854
1609,48.49217367,32.08191128,855
1373,57.49305971,16.03526965,856
1287,61.07968198,9.332439308,857
1473,61.63393966,8.31267758,858
501,63.21424567,5.270642398,859
1546,37.56687809,52.87273113,860
1561,42.09896535,44.68991961,861
1020,19.58240067,92.40734754,862
1909,23.22933232,84.59397896,863
683,55.41980925,20.79456177,864
1671,65.69302003,1.872276447,865
1155,50.59381151,29.23023158,866
627,34.4287074,61.93004161,867
1530,42.83335112,44.31718269,868
938,34.56973571,61.46570872,869
1132,42.10970223,45.07942801,870
1071,27.04144613,76.28454943,871
751,32.15111075,65.96802971,872
463,33.02769882,64.58210108,873
443,60.73879141,11.10392559,874
1443,59.5494382,13.88092604,875
1553,26.56823842,78.66862417,876
1915,30.6489816,68.2284824,877
958,54.2193476,24.39344985,878
1427,34.41088902,62.599092,879
1386,44.32734935,41.80577617,880
1983,45.33746358,39.65557669,881
1953,18.37474848,94.99850024,882
1481,52.05053896,27.97252688,883
1082,37.22677052,55.24573018,884
1424,48.88503087,33.98431362,885
1683,26.07724659,80.65430847,886
821,37.55163606,54.82224499,887
1970,27.69596465,76.39717363,888
1897,20.42827813,92.68988139,889
1656,40.7074323,49.54547649,890
857,66.10852494,3.092101278,891
1832,62.23667703,9.735321853,892
304,17.6914944,98.425317,893
1589,44.59285767,43.00840027,894
159,33.63265809,65.55369434,895
1846,40.28643987,50.97731742,896
945,34.93191646,63.31135992,897
1627,23.6216698,87.13605005,898
853,35.21149093,62.96408695,899
723,40.33638533,51.361644,900
184,61.54873799,12.288373,901
594,52.58774874,29.77669072,902
888,40.07421255,52.70607143,903
1152,57.57427499,20.84961352,904
1077,57.68199745,20.29494344,905
828,34.11400296,66.29919557,906
662,24.42068743,87.10572706,907
1817,58.76213111,19.53699215,908
673,46.1975323,41.54281209,909
916,60.99638427,14.64979042,910
1284,54.14859421,28.81628549,911
1471,66.56926004,4.976729525,912
313,19.75394834,97.55105683,913
972,41.46987035,50.71884854,914
449,26.24252193,83.93039041,915
1833,25.77654536,85.50319934,916
1463,55.53907973,27.01061542,917
717,28.57516491,78.02783819,918
1943,39.65321131,54.81151647,919
1888,23.27298031,90.49644916,920
767,65.14293852,8.466767214,921
1894,50.11707792,36.33340577,922
1673,46.44804875,43.19340408,923
854,19.58380445,98.84376137,924
344,66.12600578,7.252499384,925
546,26.26619483,84.82116574,926
452,28.4904061,79.73625982,927
1372,32.83163846,71.08615962,928
1076,57.1511753,25.03944773,929
748,69.14513755,2.02982848,930
1543,29.70080908,76.80131896,931
1987,56.15060237,26.66790269,932
985,57.89305219,23.38261412,933
1131,58.19827056,22.96540906,934
1764,56.74526203,26.50622899,935
1196,34.22239086,68.38779479,936
422,34.5488283,67.77759962,937
743,50.47460021,37.23817999,938
766,63.29150684,12.24213116,939
446,64.54388886,10.57147541,940
1930,55.68678867,28.39171895,941
680,32.61144319,73.20279863,942
1045,68.00949669,5.637648748,943
1336,53.42777102,33.60431966,944
792,21.79529685,95.97706243,945
393,69.806437,1.984486799,946
1125,37.82530573,63.17085549,947
186,58.65370928,25.19622493,948
1694,36.46552941,64.95478682,949
1222,26.12361455,88.37930467,950
1487,51.13554965,38.34477804,951
706,71.72910072,0.114792259,952
1126,36.2557623,65.88312792,953
641,36.86916838,64.57694898,954
747,37.81718914,63.78361908,955
935,26.00037875,89.19315798,956
596,48.62088163,43.17920091,957
343,59.59908615,23.09648931,958
1248,68.6755083,5.836866302,959
735,34.38586387,71.40960146,960
441,27.45860308,85.84107533,961
104,68.26498875,7.142648025,962
551,36.35366052,66.0728186,963
1404,36.30953664,66.4243819,964
1407,38.98701438,62.32319938,965
379,62.23039591,17.89447574,966
136,61.81971587,18.79967462,967
1519,26.15515916,89.47389187,968
731,49.34105572,43.27814699,969
1495,69.45577206,4.784742876,970
1733,24.1416408,93.65620548,971
1073,69.324119,5.303739115,972
207,55.27197857,33.46109969,973
1465,24.52720063,92.71977641,974
696,32.49364705,76.69790769,975
283,21.93004298,98.89044083,976
1729,64.6476442,13.55744786,977
1982,26.70270448,89.03421948,978
1280,40.27974595,60.74087747,979
1197,23.77794727,95.39281283,980
526,46.72683437,48.36199025,981
1448,34.3566515,74.20853501,982
1916,60.09617092,23.99145534,983
1687,23.53994257,96.28622143,984
237,62.2362965,19.84438159,985
474,39.33062314,63.83125394,986
581,30.25383667,81.62156845,987
455,31.98377064,79.37174919,988
980,46.79319594,48.91410293,989
1156,41.2346877,59.48872175,990
1792,51.81079583,41.12900719,991
1431,72.69735132,1.330619416,992
540,40.53305641,62.44057863,993
1432,57.63429678,31.17365271,994
654,29.59133912,84.65040672,995
1376,44.63155521,53.22812094,996
1689,40.11145533,63.7935665,997
1063,24.92582197,95.81333124,998
1929,59.1061731,29.76918695,999
1330,45.68834531,52.00372851,1000
802,35.93592488,72.86062844,1001
1592,53.6739363,39.93407108,1002
833,33.37247178,78.93998264,1003
719,24.67598525,96.83749835,1004
391,57.47785327,33.36181736,1005
1640,31.34324389,82.61179311,1006
669,65.40242413,16.5440439,1007
8,47.516,50.376,1008
1462,36.53920162,71.13513917,1009
1986,66.11626413,15.26835737,1010
1470,33.84455643,78.87209937,1011
1369,25.44383448,96.63694534,1012
333,34.74903518,76.76398782,1013
1225,71.14440372,7.118986704,1014
453,24.19804778,99.30263339,1015
1839,60.32521236,28.08752627,1016
1528,63.80998813,20.14348953,1017
886,72.86919495,3.185356251,1018
231,32.94212234,81.35982014,1019
1969,33.37172082,80.88085858,1020
232,70.80863459,7.955239821,1021
1902,50.75526425,46.77394242,1022
1887,51.39143484,45.97374441,1023
585,50.65925303,46.95423881,1024
837,69.22767062,10.93581687,1025
52,69.279,10.599,1026
266,36.11701569,75.0464849,1027
659,43.32713541,60.39181487,1028
405,24.88667151,99.60121654,1029
1021,25.85990576,97.58399083,1030
326,62.3855259,25.2595883,1031
1210,41.44199798,64.27464078,1032
860,69.23587771,11.61115964,1033
576,52.59874333,44.72377931,1034
615,42.10091084,63.00673857,1035
120,65.34477441,19.33768139,1036
482,27.71550216,92.65876588,1037
416,59.40955884,32.6710114,1038
1234,42.46023053,62.50410438,1039
309,67.18174175,16.37907913,1040
943,72.01240595,7.47201561,1041
1128,26.88756458,95.24131632,1042
836,33.10726627,83.40894577,1043
278,36.98437628,74.0948666,1044
1647,30.72493545,87.20565227,1045
1927,67.68910089,15.15128296,1046
475,43.06173459,62.4665059,1047
1023,36.09764574,76.40827141,1048
364,59.87567531,31.88728447,1049
1762,68.12491684,14.6615741,1050
419,69.20509596,12.8479169,1051
1444,44.95286684,58.39386337,1052
335,38.16777945,72.58949194,1053
967,26.01887462,98.8797241,1054
296,44.69276922,59.25180476,1055
1980,69.71292229,11.73157792,1056
1428,73.32755628,5.76008474,1057
630,67.86210315,16.4428489,1058
377,32.50934863,85.8441624,1059
1343,71.70260462,9.1246805,1060
885,49.37796491,52.1127995,1061
264,55.90954075,41.45378897,1062
1522,29.30445316,91.84630541,1063
1107,34.66391364,81.52824626,1064
1682,28.66128912,93.48541431,1065
882,60.03867328,33.69949863,1066
1320,60.33907295,33.23163283,1067
1587,62.09925181,29.72382579,1068
946,59.69325637,34.9686636,1069
979,44.49545387,62.46140246,1070
996,72.16172627,9.245416868,1071
1090,28.92377605,93.50969429,1072
1859,35.12887138,81.35620743,1073
1690,47.55924905,56.04025187,1074
298,74.47135774,5.557036234,1075
1363,77.45325824,0.408272521,1076
330,49.70962613,52.59064678,1077
384,43.23532535,64.89449058,1078
1776,39.4433451,72.73397999,1079
772,64.97630914,24.96193216,1080
520,75.03601115,5.222411847,1081
115,69.57056146,14.19071537,1082
305,38.26939098,75.5136806,1083
239,51.0032286,51.3572859,1084
153,55.57411305,44.32646168,1085
1143,61.63883603,31.66509793,1086
1133,72.13355696,10.04316579,1087
677,40.95031205,69.53612202,1088
1659,37.40128283,77.09340261,1089
1172,48.3323246,55.48278008,1090
695,38.02700984,76.67335097,1091
1281,57.10913614,42.58811539,1092
105,78.35416641,0.287824765,1093
1283,43.17700073,66.01086285,1094
1148,44.50749681,63.91800844,1095
527,66.47737969,22.66570756,1096
1119,55.32332503,46.19827804,1097
1619,68.3868059,19.28214894,1098
1074,56.99305464,43.79027839,1099
1904,73.38377376,8.679777195,1100
1802,45.39521407,63.03962113,1101
1815,44.58098802,64.71508615,1102
999,68.26928385,20.12767789,1103
1311,67.57736606,21.49821528,1104
1509,41.63074451,69.82444906,1105
629,33.11952354,89.41524193,1106
1924,29.07976824,96.43457309,1107
219,39.50168293,75.90188128,1108
970,44.08778415,66.03586944,1109
942,63.47489263,30.20191577,1110
1240,67.41908613,22.93547164,1111
657,73.14699252,10.29176475,1112
1854,42.84740439,68.40773072,1113
1738,31.1391215,92.87977003,1114
1325,71.26925746,14.82186287,1115
889,58.90347498,42.42433755,1116
676,69.53708689,18.32292081,1117
1816,64.8509535,29.07142304,1118
426,57.96397675,43.58983864,1119
1261,40.67610995,74.18657056,1120
1038,77.75471278,2.990492892,1121
329,38.74563628,78.72311186,1122
1649,55.55547243,47.89620269,1123
1054,63.8182955,30.66204135,1124
1309,55.8325732,47.29487902,1125
1250,72.98195358,11.88079774,1126
1604,76.78305916,5.437391842,1127
732,43.59741831,67.97896365,1128
271,49.52198621,58.6123729,1129
1258,71.23635943,16.5965009,1130
203,63.11891969,33.58164589,1131
1952,74.46921694,10.00987764,1132
1668,64.63657288,30.77467423,1133
1695,36.22466987,85.25691022,1134
458,29.98048182,97.7660484,1135
1083,35.94446055,86.31252609,1136
702,56.08758723,48.26979647,1137
652,56.39255047,48.12634109,1138
580,80.47639422,0.659893431,1139
1411,79.00846091,2.614047448,1140
544,43.59867734,69.85006121,1141
824,57.88815949,46.0299457,1142
1750,64.39437367,32.36287621,1143
236,61.41553685,39.42045368,1144
1568,32.16933322,94.86028567,1145
257,58.89147136,45.44144048,1146
147,80.58821647,1.033038396,1147
983,29.94013254,99.21275639,1148
901,55.3321909,51.10568884,1149
1974,35.12537595,89.41463444,1150
1742,51.01525628,58.63571253,1151
1067,51.60404977,57.79275273,1152
488,60.76351189,41.56843717,1153
1956,78.23998968,6.47684237,1154
281,50.0122339,61.94076101,1155
1935,64.23832053,34.91181413,1156
1958,59.0020446,46.52835804,1157
826,70.00885759,22.46748889,1158
1616,39.12321263,82.58500437,1159
423,62.36699878,39.34157698,1160
508,75.34591692,12.12434132,1161
1567,47.06795994,66.70729364,1162
649,69.22495768,25.80637704,1163
668,35.59566668,90.57216082,1164
634,75.91311306,10.93758246,1165
1301,45.65958678,69.46941854,1166
524,55.9158003,52.00119898,1167
787,62.80291789,38.68919934,1168
434,42.90083326,75.60577931,1169
1192,82.57775218,1.047613049,1170
1180,51.43996563,61.11767363,1171
165,48.34749595,65.84559536,1172
1084,40.9437237,80.36634095,1173
1091,65.1805546,35.1499635,1174
491,62.57730929,40.70550948,1175
1109,70.93411161,23.19269994,1176
1834,68.60956675,28.46443697,1177
1230,69.37142392,26.88008542,1178
1497,50.27365815,63.8497239,1179
804,54.91197792,55.5592013,1180
1029,55.47452952,54.68369317,1181
1677,35.28457747,92.4946864,1182
1809,72.75244472,19.44396052,1183
1814,49.08865673,65.92686446,1184
850,50.01284121,64.53042139,1185
1885,61.42606168,44.64075542,1186
404,63.16971922,39.98925043,1187
961,47.03367277,69.62706117,1188
1602,52.39840316,60.92980676,1189
906,42.53421647,78.04370969,1190
1105,38.88622097,86.75259739,1191
1650,32.71428774,99.38872439,1192
554,37.32785983,89.49948054,1193
1364,36.44520039,91.03138646,1194
1709,62.52751612,42.56773214,1195
1598,82.15326979,3.382590841,1196
1621,82.27424341,3.786416337,1197
1838,84.66549613,0.578833966,1198
1919,39.52726164,86.38719758,1199
107,62.9729096,42.16258188,1200
1048,35.24569656,94.59566028,1201
135,61.31562145,46.13476559,1202
1774,36.02968155,92.89148958,1203
1862,37.16434957,91.27498232,1204
797,79.62685274,8.603072286,1205
486,38.11142244,89.91924556,1206
1104,59.56812404,50.38621964,1207
11,76.912,12.905,1208
1808,55.61396152,57.00535862,1209
1184,46.00403096,73.89286581,1210
764,49.2544927,68.27223896,1211
185,59.20899176,51.42884691,1212
1581,80.66745318,7.58265325,1213
270,77.34525225,13.27995641,1214
1771,78.64254043,10.902297,1215
1748,47.76771143,71.80815251,1216
1588,66.23027804,37.61807071,1217
1847,43.46343582,80.22924117,1218
1577,75.82083972,16.86170631,1219
1435,59.86324246,50.71654354,1220
210,81.35487932,7.489372142,1221
610,63.3400132,43.35152824,1222
195,56.36574297,57.57761625,1223
418,62.51530968,45.80995168,1224
845,41.50025387,84.19400013,1225
1310,81.38135092,7.649189501,1226
1383,67.63845656,35.12097044,1227
1996,62.8220015,45.25851425,1228
1436,39.67631945,88.41986328,1229
1890,63.00080747,44.98806988,1230
372,51.31151732,66.59983597,1231
1370,34.8977427,98.77092852,1232
1549,69.554922,31.21420183,1233
1212,61.07005599,49.4814063,1234
1940,70.55008095,30.13705409,1235
5,57.205,57.659,1236
1928,35.42339439,98.11272102,1237
656,48.25646141,72.93361131,1238
884,58.97366671,54.65443501,1239
315,79.72948495,10.97257919,1240
1139,36.18464635,96.78647852,1241
995,84.53035705,5.248709298,1242
671,51.66279399,67.24224749,1243
1595,45.04040291,79.77995015,1244
880,75.47190545,20.38942587,1245
607,57.97573779,56.86988799,1246
1563,83.96094351,6.455108535,1247
1032,52.93133926,65.90887374,1248
479,44.61130964,80.56059485,1249
1141,76.5610631,19.02507323,1250
1597,66.53970068,41.1334226,1251
584,60.82218417,52.10773331,1252
940,73.93456967,25.07668512,1253
490,64.40277909,45.45173647,1254
357,67.30828015,40.21125116,1255
900,86.8180613,2.676078654,1256
1026,72.55523444,28.59987239,1257
206,39.04406391,92.85008176,1258
337,62.79104182,48.31368567,1259
202,38.0092326,95.35460238,1260
191,75.31698475,23.08098022,1261
1306,72.78005954,28.47916156,1262
1645,37.77038209,96.23184422,1263
1791,40.77337333,90.03920394,1264
1485,44.02245783,84.1134654,1265
216,86.49027195,3.83424329,1266
678,81.64096996,10.87132561,1267
1193,41.51026258,88.43295905,1268
1708,70.12908683,34.55013562,1269
642,62.92451811,49.03704877,1270
1576,38.95819445,94.73486446,1271
1482,41.05949852,90.07879723,1272
1784,73.02794299,28.82145584,1273
936,66.66220221,43.14679152,1274
793,78.9715191,15.98824626,1275
541,82.4933486,10.49190674,1276
1057,69.75735717,35.9302162,1277
913,89.1243522,0.367601944,1278
1544,66.21047755,44.61773057,1279
1799,62.16170663,51.51624843,1280
1307,52.9519242,68.42923381,1281
1293,53.51868997,67.96769061,1282
1259,67.62646733,41.52725653,1283
1688,89.79945803,0.12680803,1284
923,41.05259686,91.43378294,1285
883,59.90411555,56.85613735,1286
1923,67.20402598,43.27860337,1287
1093,88.19444834,2.323642191,1288
1110,59.14035005,59.55683831,1289
1173,75.71449674,24.51350698,1290
374,81.01753206,13.7374695,1291
762,75.48073005,25.7546827,1292
516,75.01779266,27.28661442,1293
840,83.55856297,10.46166205,1294
1024,52.90444105,71.18829992,1295
773,86.4544405,7.221630352,1296
411,43.16140383,88.80317162,1297
1662,74.90021533,28.18743945,1298
775,47.94910544,80.44628549,1299
950,54.5724058,68.9342016,1300
914,63.57668231,50.86059173,1301
808,55.46753689,67.48799785,1302
1573,49.20659494,78.82649666,1303
1580,50.35317285,76.26050549,1304
1849,81.59704392,14.46704254,1305
898,53.43016245,71.73531293,1306
117,55.63107478,66.94761864,1307
1092,73.38855995,31.3278317,1308
1098,43.39768728,89.67270563,1309
183,54.60782466,70.39687551,1310
1531,44.31217033,88.00645563,1311
1422,38.51415674,99.99984556,1312
1201,72.3666173,34.43443699,1313
1384,73.76133996,30.88265786,1314
1864,71.30398719,37.25525152,1315
1190,71.94243966,36.16556733,1316
1297,66.16255452,48.14741823,1317
1761,55.5937192,68.26175389,1318
1637,40.35407563,95.93068285,1319
1665,90.42359364,2.098401907,1320
359,47.20421512,83.97506106,1321
302,75.79202096,28.21585956,1322
402,67.57813116,45.98543913,1323
709,75.33365053,29.5177135,1324
925,48.11066226,82.52521747,1325
119,60.46994158,60.2934612,1326
1194,44.25318135,89.52537267,1327
403,49.59124541,80.39143961,1328
687,44.52015269,89.01528004,1329
1500,45.64958261,86.83989867,1330
286,71.01136811,39.4733934,1331
1758,84.39742643,12.6583246,1332
293,89.32301318,4.652914028,1333
931,69.99553487,41.97793998,1334
1728,80.30445649,19.465209,1335
148,62.5667288,55.8423567,1336
1449,64.24316241,52.82420117,1337
1474,78.61108796,23.71063289,1338
1339,72.57016724,36.57681695,1339
1793,79.81606122,21.2086899,1340
1068,41.06117959,96.57142323,1341
332,61.49921605,60.0844413,1342
1724,82.04534263,18.02379961,1343
1765,51.35048897,79.20182435,1344
1875,78.00388044,26.62925131,1345
1505,90.98476275,3.483121255,1346
1749,42.20706732,94.93334423,1347
1088,46.11546479,87.77447652,1348
948,83.44855313,15.94514566,1349
1047,49.10230694,83.54773311,1350
876,54.03198008,75.20296652,1351
711,86.13058348,11.89018699,1352
795,76.54829745,29.55400943,1353
1634,77.83736464,27.31052647,1354
1231,54.30821004,75.15432596,1355
1736,45.0531303,90.19620631,1356
1221,66.879318,49.61661173,1357
274,82.42296045,18.6026237,1358
1857,75.67238453,31.80477408,1359
1003,90.13434776,6.159328541,1360
638,51.54390149,80.15528585,1361
168,52.91752538,77.10359504,1362
1450,74.91287438,34.17832235,1363
134,68.43479795,47.79726404,1364
311,54.40384855,75.80975627,1365
667,70.11523081,44.5704889,1366
485,47.18721933,87.72899554,1367
1886,88.10411144,9.266272511,1368
1361,45.82212786,89.73899118,1369
23,56.858,71.655,1370
577,75.78860156,32.37384194,1371
1111,65.63911574,53.41037948,1372
724,62.08185244,62.06348233,1373
1348,63.18670072,58.81568115,1374
878,66.86363427,51.95989928,1375
843,87.77223859,11.2586437,1376
1698,80.24054873,24.38315644,1377
771,77.06054974,30.55989752,1378
181,56.790493,73.00294075,1379
636,94.35937461,0.69925761,1380
338,66.00175849,54.07814337,1381
1163,59.06476891,68.90641812,1382
132,59.36704283,68.1022415,1383
794,71.5043064,43.9868654,1384
25,54.892,77.203,1385
893,65.53243213,55.76002264,1386
209,59.95726501,66.7644725,1387
810,82.22083163,22.4043631,1388
1795,67.42686708,52.3917786,1389
1368,75.04630574,37.23628506,1390
633,78.8225601,28.84015555,1391
414,65.9351834,55.4620867,1392
1453,51.77965258,83.22500452,1393
282,87.37978183,13.88422014,1394
1207,61.58956477,65.29241308,1395
1483,61.5200925,65.56356807,1396
1820,43.4820747,98.1795307,1397
939,78.56688837,30.58321298,1398
1744,73.55133171,40.85946115,1399
1557,46.66532938,92.61668715,1400
1341,45.70586819,93.51762562,1401
1533,67.40802482,53.86699815,1402
137,50.33251306,86.95732328,1403
1725,61.03394101,66.89067917,1404
498,88.54896201,12.26724453,1405
1717,57.5082587,74.76090308,1406
1831,77.60195751,33.80309951,1407
319,58.65127278,73.58187974,1408
1783,47.38224777,92.49221944,1409
858,67.35666573,54.86426628,1410
146,68.68422346,52.58564021,1411
1122,54.83282014,81.01893529,1412
1331,61.01114531,68.91256815,1413
1658,48.40955207,91.9450593,1414
480,92.47965947,8.07620074,1415
1889,83.43469766,24.71266627,1416
1209,80.16650223,30.03119511,1417
1379,96.79806363,0.975916099,1418
701,57.36298799,77.11211185,1419
1162,59.81572324,72.35771018,1420
1288,62.43958659,66.40776193,1421
211,54.92010995,82.45391834,1422
1973,76.85671724,37.19157604,1423
803,63.18678643,64.88901251,1424
1884,55.54151429,81.10793935,1425
1676,44.73318761,98.98607568,1426
122,73.04570073,45.6246382,1427
161,76.18755971,39.85525142,1428
1818,63.68517829,64.95866795,1429
1727,60.08024034,72.53743762,1430
420,61.63112783,69.46080139,1431
267,59.69659944,74.05773468,1432
188,91.18435618,11.8682382,1433
1720,87.12853209,19.54432687,1434
786,59.80402714,73.99233999,1435
910,49.40456664,92.65567654,1436
783,84.46278657,25.29620336,1437
952,70.972252,51.37537176,1438
592,54.41988617,85.65797359,1439
1263,48.86197126,94.3877273,1440
728,93.81900501,8.427915515,1441
193,61.29908001,72.07006926,1442
1223,82.71879859,29.21806683,1443
1354,45.66436585,99.72066512,1444
1715,66.42063367,62.4301811,1445
1666,55.81602112,83.19492784,1446
483,59.79513249,75.83452316,1447
1319,97.7115656,1.894958352,1448
1944,97.85510038,1.514160482,1449
1017,95.22469455,6.807343649,1450
1800,90.88374708,14.42025056,1451
533,48.28752723,95.80258382,1452
1108,93.7308769,9.368383099,1453
492,68.45863968,58.3328492,1454
1787,96.0750721,5.259172143,1455
1993,55.54454796,84.63050906,1456
1302,95.03922637,7.328247593,1457
127,47.01973335,99.16376589,1458
568,78.59673566,37.84924174,1459
1883,91.99543301,12.92357372,1460
863,47.83624579,97.59989243,1461
1069,65.32385871,65.52513189,1462
1654,93.77344062,9.86882214,1463
1756,86.59682649,23.8429457,1464
477,79.64897943,36.02739855,1465
1822,86.77480707,23.75879696,1466
1124,76.70951773,42.57732433,1467
427,97.31561489,3.683440492,1468
428,54.05875204,88.59764889,1469
565,80.52972228,34.73438294,1470
774,52.52780847,90.79994508,1471
456,90.37776024,17.15905066,1472
1385,97.99836802,2.436642379,1473
1680,91.03358122,15.80779219,1474
919,82.82167694,31.79989049,1475
1503,90.31752259,18.20741463,1476
103,55.57931226,86.72166469,1477
347,79.2389988,38.55439782,1478
1253,52.99743991,91.05090165,1479
618,74.95656677,48.06584987,1480
1697,56.88760883,85.12112168,1481
522,54.55786808,89.63731763,1482
1872,71.65867723,54.16986208,1483
1876,98.43273368,2.941585161,1484
259,67.21045237,64.40237073,1485
1743,87.75289237,24.03647173,1486
1242,91.36301056,16.92615196,1487
963,51.83409255,93.1623692,1488
1251,56.11174034,86.72617128,1489
354,75.23706813,48.13699269,1490
962,68.50785862,62.32412312,1491
356,51.51429137,94.68796817,1492
1794,74.56951148,49.11214302,1493
1226,62.12145738,75.27008625,1494
871,68.34382793,63.29509021,1495
435,73.20329937,51.35587686,1496
1252,67.87037189,63.90276612,1497
1917,56.51268678,86.77564765,1498
1796,52.09679063,94.21720837,1499
870,91.09317602,18.95991747,1500
1327,59.91039377,80.45134221,1501
1534,91.195103,18.95474237,1502
535,66.26970027,67.56117791,1503
506,59.41007143,82.8868036,1504
1805,57.29635034,86.93700638,1505
1651,59.88714089,81.12392001,1506
1780,57.29071884,87.26822988,1507
1985,84.80606956,32.13795446,1508
1377,91.12950404,20.07715278,1509
1655,82.84455641,36.02481372,1510
1406,75.68359946,49.04755892,1511
323,70.24975059,60.77476018,1512
1844,57.23321569,87.42131521,1513
564,58.58353327,85.79607011,1514
1770,69.41834474,63.00169016,1515
907,77.35363088,46.27373092,1516
469,70.12719457,61.77727699,1517
166,97.79073936,7.878248216,1518
484,98.88045035,5.63185247,1519
1328,71.5598044,58.60773482,1520
710,61.47230457,79.81713355,1521
157,63.44016153,74.87030562,1522
310,80.3143722,41.34829594,1523
851,52.93147682,95.23032616,1524
1413,79.01064773,44.30511153,1525
575,62.69204363,76.86840413,1526
1400,75.15534937,51.58684928,1527
758,61.11314891,81.04764544,1528
1113,66.75262577,69.14475342,1529
1535,71.96737489,58.77427443,1530
867,73.44008812,54.33742402,1531
1062,72.20878565,58.25988145,1532
1971,64.0306224,75.08912514,1533
1499,75.84290059,50.53143148,1534
299,93.15043524,18.31673795,1535
1241,78.69012044,45.7520687,1536
334,77.41486837,48.2760739,1537
1229,71.92749849,60.3616843,1538
820,63.97495511,75.96500861,1539
785,87.14837107,31.14024932,1540
1061,70.36894038,63.58099096,1541
1175,95.93196022,12.94293289,1542
726,86.84144854,32.18502319,1543
1228,94.32972567,17.09788386,1544
1332,80.92814924,42.84144877,1545
648,54.6305583,95.37733933,1546
468,91.36337722,23.2882887,1547
1558,89.28210153,27.53173614,1548
1636,59.09794538,87.89039581,1549
260,59.94973279,85.28352973,1550
284,59.49605053,87.20746543,1551
510,73.04832843,58.37257575,1552
1362,62.62130413,80.33627853,1553
1035,68.37163115,68.40539282,1554
1881,78.61833167,47.67383275,1555
1135,81.6901423,42.55086676,1556
269,53.41359897,98.42884354,1557
1635,94.48778378,17.68173104,1558
1006,72.88616285,59.30187481,1559
502,84.21524805,38.14430382,1560
1254,94.28838961,18.80825726,1561
873,57.44255796,91.8974062,1562
1437,99.81036453,7.955368894,1563
1440,86.65953582,34.8482736,1564
355,85.84411408,36.62512499,1565
1615,74.00081591,57.92594099,1566
1539,62.69453702,81.15321856,1567
688,96.44708926,14.91839152,1568
1468,83.19329547,42.18898789,1569
918,74.007884,58.41585099,1570
497,76.63719737,52.85655398,1571
1995,58.72086389,91.7055189,1572
955,86.06273156,37.09492287,1573
1308,92.17801862,25.3246121,1574
757,94.50836524,19.67488907,1575
1912,85.9267865,37.61280454,1576
470,54.6256169,99.28270962,1577
869,90.79251368,28.66205122,1578
1632,62.84608812,82.4601688,1579
1486,55.20987483,98.50972606,1580
1129,80.12773324,48.06973796,1581
1933,94.24801989,21.44374547,1582
1147,62.28193012,84.68628375,1583
1891,91.4690769,27.95643865,1584
750,87.44632544,35.90251729,1585
163,87.89511931,35.04233413,1586
1942,57.92698209,93.58878958,1587
1476,94.78088053,20.64475188,1588
602,87.51357123,36.07936011,1589
965,65.28544887,80.00478077,1590
227,96.18720163,17.98174378,1591
306,56.19627519,97.04953822,1592
1707,76.54247641,55.41107326,1593
430,81.18919161,47.35403897,1594
448,59.78045656,91.65754681,1595
1516,72.11048954,65.79624089,1596
408,93.13817061,26.06041534,1597
960,55.55028042,99.84603864,1598
1605,63.18407682,84.50025173,1599
1691,98.40274123,14.41356393,1600
1678,59.00081531,94.16427179,1601
1706,85.07152546,42.80107485,1602
1507,72.13362887,66.49272559,1603
1570,57.63880025,96.59564558,1604
1513,96.14032338,20.11522943,1605
353,70.75060565,70.06478845,1606
1911,59.22925299,94.42420527,1607
806,71.86462599,67.79133282,1608
467,98.68628319,14.96758761,1609
1256,69.25194329,73.65281667,1610
176,69.24780755,73.94366406,1611
172,89.34988097,34.91535012,1612
1019,81.10902788,49.56068919,1613
1979,98.47499445,16.4642651,1614
1882,98.39935852,17.00078811,1615
1382,74.51488425,63.80895596,1616
169,74.27168014,64.44178341,1617
504,80.04210743,52.5941031,1618
1829,77.57484395,58.25475354,1619
1710,97.37528594,19.78898049,1620
1679,89.69515803,36.02439883,1621
256,60.67953579,92.77811193,1622
1296,69.54326541,74.54635736,1623
1316,94.48108342,27.15761263,1624
1572,61.87410832,91.03319822,1625
1591,82.75608786,48.98019094,1626
505,91.65500874,33.18952171,1627
754,78.35129921,56.88329658,1628
1403,74.1684603,65.24314247,1629
1525,74.29224293,65.06062409,1630
663,71.50292135,71.87086066,1631
561,73.19710066,66.99765183,1632
1981,73.40204294,66.43423837,1633
102,60.13666444,94.43998872,1634
1490,64.83072787,85.99494683,1635
4,67.064,81.436,1636
1366,64.2928339,87.07463011,1637
559,88.35409921,39.97254875,1638
507,83.24954583,49.37142778,1639
1777,65.77630918,84.87490387,1640
927,86.27022677,45.46295148,1641
1025,78.85637657,57.11928656,1642
170,68.77453805,79.53907352,1643
1962,83.79130591,49.11950632,1644
1112,68.00573268,80.96254896,1645
781,72.36344707,71.19720347,1646
1848,62.59800282,91.65448661,1647
1010,88.69935966,40.77308738,1648
777,79.49862695,56.55611312,1649
877,88.87489167,40.35302127,1650
412,72.98049652,70.3023501,1651
1946,75.24302592,66.14455184,1652
489,97.75693624,22.67949902,1653
801,59.36251177,99.85587858,1654
1775,90.9457265,37.64874994,1655
1905,76.66524405,63.6112286,1656
143,88.62380374,42.15729706,1657
872,85.7026534,48.00863603,1658
1842,72.09991452,73.42624896,1659
749,65.66343041,87.22651479,1660
614,92.00980756,36.25964791,1661
1837,75.38148948,66.39203125,1662
830,78.66036043,60.1657189,1663
574,65.88275952,87.11382165,1664
500,88.68414464,42.88119977,1665
1342,88.53790001,43.24439925,1666
460,95.6783755,29.01421527,1667
569,92.09314578,36.70584629,1668
1524,71.53541163,75.6778223,1669
1154,83.76096041,51.46404102,1670
563,84.87965062,49.4632848,1671
255,70.65636703,77.25016046,1672
1877,82.66241128,53.35585364,1673
1769,84.73781472,49.56218994,1674
1746,66.29978723,86.95362479,1675
631,87.6361658,45.97820398,1676
178,79.67066163,59.27979095,1677
1569,68.17465892,83.71969961,1678
1166,99.38151594,20.84779728,1679
139,68.82019056,82.20277499,1680
1096,75.61872429,67.14641008,1681
902,61.95677621,96.2395195,1682
1752,80.12356674,59.37942534,1683
1494,60.90326285,98.92702805,1684
303,66.58170339,87.64336194,1685
1094,98.48970966,24.52890727,1686
1772,76.10284148,67.46834513,1687
1267,78.08032727,64.51911701,1688
1046,74.05364782,72.06361325,1689
1547,86.3496894,49.7021951,1690
616,65.6916083,90.9341267,1691
1102,66.29624639,89.62706815,1692
1661,84.49522242,53.16026908,1693
1344,77.7542565,65.92652591,1694
1628,82.2826324,57.94726693,1695
847,86.67761759,50.56470533,1696
684,69.12541096,85.0511155,1697
819,86.85730164,49.79506717,1698
583,65.41868421,91.93655621,1699
1380,83.47788437,55.43872184,1700
1512,84.82268727,52.98827933,1701
1352,84.09765372,54.69143248,1702
844,73.14797731,75.92107873,1703
129,86.04588737,52.04362775,1704
1378,90.98701303,43.85813045,1705
746,89.43775539,45.99637955,1706
904,95.63094315,34.15403616,1707
352,92.27409794,41.44302031,1708
1984,65.4566779,92.64414834,1709
1484,87.76789209,49.50229528,1710
1458,89.49144909,46.07187852,1711
646,83.44017397,57.3508503,1712
1031,67.10756929,90.63085037,1713
487,90.50173183,45.41437469,1714
1574,97.68911272,30.30192186,1715
1925,65.28207822,94.41227134,1716
909,78.78375328,65.67423031,1717
158,69.45444117,85.69232704,1718
225,90.24254055,46.06221938,1719
598,76.22301,71.25333025,1720
1441,96.17573673,33.82601834,1721
496,76.87342103,69.75089771,1722
736,64.36893801,96.30337343,1723
1467,89.63186602,47.41811642,1724
897,91.32434811,44.92607072,1725
1653,91.93219535,44.01624786,1726
1726,73.16656859,77.97910153,1727
1398,63.7024396,97.63020087,1728
192,76.65942332,71.71357859,1729
503,69.19726948,88.31655963,1730
1754,71.30088964,83.59585488,1731
1623,72.1743856,81.12372332,1732
1583,66.84652205,92.56242814,1733
214,99.81206726,27.45996763,1734
1219,86.20009127,54.71950722,1735
457,76.75281476,71.91639166,1736
154,76.6197701,72.41796291,1737
1255,70.16009009,86.55006867,1738
547,68.37355949,90.74992786,1739
784,97.24348867,34.21810016,1740
363,69.514802,87.74978644,1741
807,64.85627871,97.59897429,1742
109,78.14225828,70.25128739,1743
290,65.33304056,96.82817764,1744
1005,88.19473782,52.01793463,1745
1807,71.27724644,85.42092833,1746
525,84.22705291,59.96596901,1747
111,73.96621085,79.5796164,1748
204,65.15948887,98.42272994,1749
280,73.84234987,79.86068171,1750
839,93.68310225,43.50799651,1751
1191,95.40473142,39.44988242,1752
989,97.48698376,34.79899288,1753
1532,83.13738099,62.99725969,1754
529,97.13563831,35.98530397,1755
213,88.10506451,52.89778984,1756
1600,78.50552169,71.21750153,1757
133,79.96024066,67.81930865,1758
116,72.3027486,84.27702011,1759
988,94.1258735,44.07130446,1760
1892,75.54865197,78.36642634,1761
1957,96.80829468,37.97552625,1762
1895,69.10757076,92.42828114,1763
1786,88.05795117,54.61890883,1764
1582,95.81673479,40.66710861,1765
383,88.39939339,54.01630897,1766
1901,72.56608914,85.18924088,1767
1851,67.50908775,95.62367385,1768
1454,85.43735415,61.64871132,1769
829,80.23923488,69.31775723,1770
685,85.04433725,62.01864353,1771
1759,80.49606282,68.4072393,1772
1182,76.87288283,76.12765264,1773
1779,99.78894149,32.80641066,1774
1318,80.00743157,70.45794995,1775
464,71.24449147,89.11749389,1776
1853,67.4558976,96.43995466,1777
619,68.79606321,93.84939167,1778
1813,94.67369912,44.45881866,1779
653,98.764104,35.08484228,1780
1667,87.7767693,57.8144654,1781
674,93.76066115,46.83542818,1782
1850,99.30538814,34.63965609,1783
1907,91.48950526,50.99886527,1784
1236,73.65128562,84.60166544,1785
1789,70.11292642,92.56071039,1786
394,93.62852608,48.2024291,1787
595,92.40720058,49.92087531,1788
1601,71.46174361,90.58228935,1789
1660,70.39097173,92.24781675,1790
1055,88.24172932,58.15477621,1791
1879,86.30628736,63.10888874,1792
894,76.29419382,80.65437633,1793
234,95.69068618,44.81306952,1794
340,92.91146758,49.49549371,1795
994,98.93688515,36.93856024,1796
1492,96.50839504,43.09367739,1797
1701,92.67288197,50.8224441,1798
1211,95.41043868,45.57965962,1799
1599,69.50808578,95.03486712,1800
1825,97.97001562,40.52580441,1801
1812,78.1449613,77.54819091,1802
1730,88.00926865,60.99772659,1803
981,76.85283826,80.91013033,1804
1220,96.3874577,44.50669903,1805
831,96.04813646,45.35601603,1806
859,98.86313011,39.65017169,1807
1699,94.15312119,49.55260832,1808
543,94.63173507,48.55807114,1809
1491,79.27213407,76.94941289,1810
431,85.81296776,66.2028755,1811
519,78.08905811,80.48274264,1812
788,93.46233202,52.25006115,1813
348,88.97274171,60.88993871,1814
1575,72.73570608,91.89640841,1815
571,84.67604088,68.37853201,1816
550,84.60727264,68.46291589,1817
1511,70.89371806,96.09311948,1818
1300,90.4061143,59.19880505,1819
805,81.35351568,75.12028271,1820
415,75.94770972,85.75877523,1821
373,87.94325448,64.47540817,1822
1239,92.32528404,55.28522282,1823
1043,94.55094836,50.8950492,1824
1920,89.27177668,62.14211377,1825
1978,98.87250656,42.65118284,1826
895,91.38165144,57.93250398,1827
1347,96.06878784,48.35156613,1828
1058,84.57997064,70.4649597,1829
262,93.00526419,54.39769063,1830
1652,96.87139586,47.30132962,1831
3,73.534,91.679,1832
1289,71.95692443,95.46302762,1833
1900,96.37383825,48.2875015,1834
1326,70.70187472,98.68578858,1835
761,71.06725968,98.70396272,1836
1282,78.56320975,83.65594909,1837
626,96.86334854,48.65380252,1838
1657,90.74902884,62.25376816,1839
1034,88.79788555,65.18118043,1840
1629,75.29549751,91.20901908,1841
1464,82.88644536,76.59255307,1842
1426,79.12665432,83.25239526,1843
1037,85.6487021,72.22798722,1844
536,85.44040662,72.59264497,1845
1711,79.49859979,83.32080758,1846
1371,97.45132983,49.3565056,1847
582,99.28742704,45.79399808,1848
277,73.19880148,95.67629845,1849
1562,72.93817917,96.8257615,1850
1274,85.85329892,73.82011488,1851
1740,98.37247065,48.79027897,1852
959,75.78598993,92.18317801,1853
1586,72.33387681,99.48596748,1854
1027,92.86761388,61.56782589,1855
1622,83.07296987,79.89170088,1856
288,90.92555806,65.37034269,1857
1992,89.98145766,66.47867212,1858
325,87.06512851,72.94992748,1859
966,74.60829208,95.71908019,1860
1008,78.35558997,88.76886536,1861
1312,94.36548493,59.29702446,1862
180,78.61248532,89.21928033,1863
741,97.24238869,53.7292968,1864
1151,97.69020861,52.64961753,1865
327,90.56589807,67.47307321,1866
322,92.71457769,64.32972993,1867
1041,92.47006076,64.76706558,1868
1165,96.31679271,55.85414596,1869
246,87.95631564,73.40660088,1870
145,96.31640455,56.4551063,1871
376,88.55435598,72.1766669,1872
1040,76.35181321,94.92171534,1873
1526,77.99732537,92.20798914,1874
1200,85.51811751,79.24245862,1875
378,89.90897778,70.41472723,1876
1914,95.38033218,60.08280834,1877
387,98.28008036,53.52136078,1878
1345,88.42711184,73.76293311,1879
637,83.97255591,82.50900504,1880
881,94.93651381,61.80111975,1881
740,76.42703284,95.8415212,1882
737,77.72283343,93.65161248,1883
151,95.1327277,61.88580246,1884
241,80.93734651,87.5922255,1885
1700,88.2544306,74.89337926,1886
36,77.966,93.608,1887
413,95.15339558,62.05110636,1888
388,92.16216189,67.50415383,1889
1324,75.68123452,98.73386072,1890
1828,79.49237842,91.84311367,1891
1693,75.5557997,99.57503586,1892
217,99.19336322,53.04882232,1893
698,95.23557448,62.65180564,1894
1401,90.11884519,73.17461567,1895
1393,98.62768904,54.90645797,1896
530,80.61393056,90.25289167,1897
1420,96.93877151,59.93021089,1898
1452,93.91742162,66.37050288,1899
108,81.76397191,89.38852495,1900
1498,80.40645798,92.01362221,1901
941,85.3993813,84.45172563,1902
1206,84.17711277,86.63812493,1903
1672,92.8529471,70.04724451,1904
617,97.56218609,61.18359619,1905
429,81.6766823,91.28565887,1906
1934,91.10875518,74.19543235,1907
661,98.76694471,58.29184098,1908
1913,86.8792176,82.88876043,1909
1039,87.29345551,81.85525192,1910
1937,83.72650035,88.83251482,1911
1520,78.76211007,96.92132381,1912
1908,80.79772303,93.06724072,1913
35,81,93.075,1914
171,87.86904666,82.57912619,1915
1042,98.07120691,62.36353617,1916
908,79.6213666,97.07846473,1917
1893,92.7962197,73.2937483,1918
1120,80.76038714,94.95832938,1919
251,87.04538243,85.36474332,1920
1060,88.85562882,81.01457775,1921
1036,92.42280237,75.06233501,1922
578,87.99336651,84.1556632,1923
1285,80.14497614,97.14227709,1924
21,84.044,91.824,1925
197,82.93327454,93.42293308,1926
1955,96.50256833,66.97627757,1927
734,94.51757743,72.15897112,1928
1022,96.65709066,67.15622041,1929
868,98.50074888,63.97456132,1930
799,83.7630668,93.52832344,1931
1648,86.36538568,89.68248688,1932
791,91.59544208,80.4270569,1933
1101,94.48137386,74.2867473,1934
865,87.40848262,88.62132198,1935
149,93.78175362,76.34813093,1936
823,92.7762299,78.21695677,1937
287,89.52107732,84.6901093,1938
1014,88.40242666,86.98969832,1939
440,83.83350053,95.20455068,1940
150,97.98482542,67.40876232,1941
956,82.07783474,98.76874555,1942
812,98.34867766,66.91877128,1943
816,94.83446838,74.89708278,1944
390,87.15947852,90.90521927,1945
321,94.45707336,76.78102844,1946
852,82.51467354,99.19718627,1947
417,83.38932533,98.57765112,1948
1442,87.20177151,91.86971041,1949
1554,83.3257963,98.76474156,1950
1203,98.89059667,67.0142923,1951
974,99.74881088,66.17610123,1952
896,92.75159263,81.18518585,1953
655,93.84288824,79.66252045,1954
131,88.02480576,91.44389983,1955
1351,92.65780826,82.92579625,1956
534,86.94154304,93.43965021,1957
917,93.67894278,82.44140306,1958
142,84.57410995,99.95328312,1959
1374,95.41707872,79.61929684,1960
1994,92.02851572,87.08289992,1961
778,88.86975275,92.2052299,1962
1767,99.94406866,69.75846072,1963
382,98.86953118,72.5834841,1964
1273,97.36834481,76.49382468,1965
922,98.72326881,73.37424104,1966
1763,97.8808473,75.73954213,1967
229,99.28341045,73.2118667,1968
1843,94.78722942,84.33986099,1969
718,93.70280841,87.40695195,1970
320,98.2733482,78.22641321,1971
572,94.7729169,85.62423419,1972
1235,92.34626422,91.65919094,1973
1007,92.0667589,91.95210964,1974
1938,91.88909073,92.61440689,1975
514,90.41055799,95.78223738,1976
1303,94.02281028,89.24413369,1977
1171,95.73638425,85.77846634,1978
312,99.40947829,77.29549265,1979
1150,99.5771424,77.85374618,1980
1804,97.02974831,84.07939941,1981
1072,99.02846827,79.11167305,1982
720,98.33838448,81.98834275,1983
1333,94.02809956,91.79980498,1984
1305,94.74845602,90.02094596,1985
450,92.74818562,94.84051799,1986
1988,93.03734382,95.68117871,1987
361,93.92893011,95.51015896,1988
770,99.58297629,84.22518318,1989
1608,93.39597318,98.06749507,1990
1004,97.92923274,90.51417855,1991
124,95.83083217,94.60914652,1992
1552,95.81634703,97.79348895,1993
1323,96.01098363,97.10555084,1994
1527,97.40217044,94.41737141,1995
815,95.88574272,97.89015512,1996
1878,95.80192966,98.63207907,1997
1803,97.25631768,95.55730665,1998
1279,98.73226913,92.29573305,1999
1663,99.80964271,91.11215274,2000